Carimbo de data/hora,,Como voc√™ avalia a experi√™ncia geral do Dojo de hoje?,Qual round voc√™ achou mais interessante? Por qu√™?,Teve algum momento ou parte do Dojo que voc√™ achou confusa ou dif√≠cil de acompanhar? ,O tempo das atividades foi suficiente?,"Se voc√™ desejar, pode comentar algo sobre o tempo das atividades","O que voc√™ gostaria de ver nos pr√≥ximos dojos?
Sugest√µes de temas, tecnologias, formatos‚Ä¶","Voc√™ sentiu falta de algo relacionado √† inclus√£o, acolhimento ou acessibilidade?
(Queremos tornar nossos encontros cada vez mais inclusivos!",Deseja contribuir com o reposit√≥rio ou com a organiza√ß√£o dos pr√≥ximos dojos?,Se voc√™ deseja contribuir com o reposit√≥rio ou com a organiza√ß√£o dos pr√≥ximos dojos informe abaixo seu email ou seu github,"Coment√°rios livres, cr√≠ticas construtivas ou elogios üëá"
2025/07/19 11:04:11 AM GMT-3,,5,Round 6,N√£o ,,,Ppderia haver um dojo de dados ou IA,N√£o ,Sim,,
2025/07/19 11:05:06 AM GMT-3,,5,Todos!!! ü§©ü§©ü§©ü§©,"sim, eu estou aprendendo agora, mas deu pra acompanhad. ","N√£o, foi pouco",,api de animes ,rampa ,Sim,,"Gostei muito, local confort√°vel. "
2025/07/19 11:05:13 AM GMT-3,,5,"Round 7, pois mostrou como um adm funciona ",N√£o ,"N√£o, foi pouco","O tempo varia muito dependendo da etapa, deixar um tempo fixo n√£o acho que √© a melhor op√ß√£o .","Uma competi√ß√£o,  algo que engaje mais os participantes.",N√£o ,N√£o,,
2025/07/19 11:06:08 AM GMT-3,,5,Round 4,"Como era minha primeira vez, estava um pouco confuso, mas me ajudar√° para um come√ßo de estudo sobre.","N√£o, foi pouco","Achei um tempo suficiente, sem ser corrido ou demorado.",Framework vue,N√£o ,N√£o,,"Achei um bom ambiente para aprendizado, com explica√ß√µes pontuais importantes e corre√ß√µes que permitiram melhor conhecimento."
2025/07/19 11:06:11 AM GMT-3,,4,"Cria√ß√£o do Crud, fiquei do lado da garota que gosto","round 7, parte de admin e superusu√°rio ","N√£o, foi pouco","alguns rounds poderiam durar mais que outros, os primeiros poderiam ser 5 minutos ",competi√ß√£o de duplas,n√£o,N√£o,,"Foi uma experi√™ncia interessante, gostei."
2025/07/19 11:06:18 AM GMT-3,,5,"Test, porque √© interessante ","Algumas partes, por muito iniciante","N√£o, foi muito",,,N√£o ,N√£o,,
2025/07/19 11:06:19 AM GMT-3,,5,"Os round 3 e 5. Fazer a configura√ß√£o das views, serializers e rotas √© muito interessante para entender o funcionamento interno da aplica√ß√£o e os benef√≠cios de usar o django. O round de testes tbm foi muito bom! Legal ter classes nativas para testar a aplica√ß√£o ","N√£o. O script de tutorial estava bem organizado e claro, servindo como um √≥timo aux√≠lio para os rounds.",,,Acredito que dojos aplicados a engenharia de dados sejam interessantes. Ex. Fazer o setup de um osquertrador com um banco de dados e criar uma elt,,Sim,,
2025/07/19 11:06:41 AM GMT-3,,5,"O 6, sobre testes, porque eu participei ","Em algumas explica√ß√µes mais t√©cnicas,  pq eu ainda n√£o sei django ou python","N√£o, foi muito",,Docker e containers,,N√£o,,
2025/07/19 11:08:03 AM GMT-3,,5,Todos,Round 5,"N√£o, foi muito","O tempo das atividades foi bom, bem administrado e objetivo",Webscrapping,N√£o ,N√£o,,"Gostei bastante do formato, a explica√ß√£o durante a execu√ß√£o das tarefas foi bem satisfat√≥ria."
